name,district,capacity_mcm,frl_m,notes
Peppara Dam,Thiruvananthapuram,70.0,84.75,
Aruvikkara Dam,Thiruvananthapuram,,56.00,capacity not found in any source checked
Thenmala Dam,Kollam,524.0,115.82,
Kakki Dam,Pathanamthitta,446.51,981.456,
Perunthenaruvi Weir,Pathanamthitta,1.0,51.0,
Karikkayam Dam,Pathanamthitta,,,no capacity/FRL found -- small EDCL hydro weir, not in CEA/Wikipedia listings
Allunkal Dam,Pathanamthitta,,,no capacity/FRL found -- small EDCL hydro weir, not in CEA/Wikipedia listings
Kochu Pamba Weir,Pathanamthitta,,935.73,capacity not found
Veluthodu Dam,Pathanamthitta,0.67,192.0,
Cheruthoni Dam,Idukki,,,excluded -- only source found (uploaded file) gave identical capacity/FRL to Kulamavu Dam, so treated as unverified
Kulamavu Dam,Idukki,,,excluded -- only source found (uploaded file) gave identical capacity/FRL to Cheruthoni Dam, so treated as unverified
Sengulam Dam,Idukki,0.14,847.64,
Pambla Dam,Idukki,,,no capacity/FRL found
Munnar Headworks Dam,Idukki,0.223,1450.92,
Mullaperiyar Dam,Idukki,,46.33,capacity not found (reservoir is shared with Periyar Lake; no single-source MCM figure verified)
Periyar Lake,Idukki,,,no capacity/FRL found -- natural lake/reservoir, not a dam structure
Kallar Division Dam,Idukki,,,FRL excluded -- only source found matched the separate Kallar Dam's FRL exactly, treated as unverified; capacity not found
Gavi Dam,Idukki,2.78,1136.9,
Meenar 1,Idukki,0.03,1076.0,
Meenar 2,Idukki,0.06,1041.5,
Neriamangalam Dam,Ernakulam,,,no capacity/FRL found
Asurankund Dam,Thrissur,,,no capacity/FRL found
Kanjirapuzha Baby Dam,Palakkad,,36.523,capacity not found
Parambikulam Dam,Palakkad,,,no capacity/FRL found (Tamil Nadu-operated; not in Kerala-side sources checked)
Thunakkadavu Dam,Palakkad,25.91,,FRL not found
Peruvaripallam Dam,Palakkad,,,no capacity/FRL found (Tamil Nadu-operated)
Moolathara Dam,Palakkad,0.538,184.405,
Gayathri Dam,Palakkad,,154.08,capacity not found
Lakkidi Dam,Palakkad,,,no capacity/FRL found
Cheramangalam Dam,Palakkad,43.9,108.2,
Tharampilli Dam,Palakkad,,,no capacity/FRL found
Peruvannamuzhi Dam,Kozhikode,120.52,44.41,
Chembukadavu Dam,Kozhikode,,302.9,capacity not found